{
  "src": [
    "Drums.webm",
    "Drums.mp3"
  ],
  "sprite": {
    "Crash 08": [
      0,
      5333.333333333333
    ],
    "FSB_HitSetOne-54": [
      7000,
      778.5034013605446
    ],
    "HP_Kick 3": [
      9000,
      357.1428571428577
    ],
    "HP_Snare 10": [
      11000,
      357.1428571428577
    ],
    "HP_hat 12": [
      13000,
      245.19274376417144
    ],
    "HP_hat 9": [
      15000,
      245.19274376417144
    ]
  }
}